{"success":true,"code":"SUCCESS","data":{"from":1672511400000,"to":1679941800000,"transactionData":[{"name":"Merchant payments","paymentInstruments":[{"type":"TOTAL","count":1134579287,"amount":5.02987953087E11}]},{"name":"Peer-to-peer payments","paymentInstruments":[{"type":"TOTAL","count":572326605,"amount":1.752752577223E12}]},{"name":"Recharge & bill payments","paymentInstruments":[{"type":"TOTAL","count":139414546,"amount":1.04828264973E11}]},{"name":"Financial Services","paymentInstruments":[{"type":"TOTAL","count":667987,"amount":7.63120514E8}]},{"name":"Others","paymentInstruments":[{"type":"TOTAL","count":1280074,"amount":9.53990262E8}]}]},"responseTimestamp":1692619045377}