States,Transaction_Year,Quarters,distric_name,Transaction_Type,Transaction_Count
andaman-&-nicobar-islands,2018,1,nicobars district,TOTAL,1139848.801225994
andaman-&-nicobar-islands,2018,2,nicobars district,TOTAL,3072436.9081196385
andaman-&-nicobar-islands,2018,3,nicobars district,TOTAL,6387829.151558982
andaman-&-nicobar-islands,2018,4,nicobars district,TOTAL,7180859.354911782
andaman-&-nicobar-islands,2019,1,nicobars district,TOTAL,7236059.549389593
andaman-&-nicobar-islands,2019,2,nicobars district,TOTAL,9111650.82436246
andaman-&-nicobar-islands,2019,3,nicobars district,TOTAL,11566421.475451011
andaman-&-nicobar-islands,2019,4,nicobars district,TOTAL,12384161.52668771
andaman-&-nicobar-islands,2020,1,nicobars district,TOTAL,12099543.773590054
andaman-&-nicobar-islands,2020,2,nicobars district,TOTAL,14341508.60470232
andaman-&-nicobar-islands,2020,3,nicobars district,TOTAL,22166453.754695386
andaman-&-nicobar-islands,2020,4,nicobars district,TOTAL,35218871.04342849
andaman-&-nicobar-islands,2021,1,nicobars district,TOTAL,39075266.9856904
andaman-&-nicobar-islands,2021,2,nicobars district,TOTAL,48020606.74716837
andaman-&-nicobar-islands,2021,3,nicobars district,TOTAL,74980519.3281361
andaman-&-nicobar-islands,2021,4,nicobars district,TOTAL,81329281.0269996
andaman-&-nicobar-islands,2022,1,nicobars district,TOTAL,94414127.64974089
andaman-&-nicobar-islands,2022,2,nicobars district,TOTAL,132900618.93062323
andaman-&-nicobar-islands,2022,3,nicobars district,TOTAL,131330400.94545083
andaman-&-nicobar-islands,2022,4,nicobars district,TOTAL,142355853.97352526
andaman-&-nicobar-islands,2023,1,nicobars district,TOTAL,202062829.0
andaman-&-nicobar-islands,2023,2,nicobars district,TOTAL,230192364.0
andhra-pradesh,2018,1,krishna district,TOTAL,1284255179.6156201
andhra-pradesh,2018,2,krishna district,TOTAL,2448141593.4919834
andhra-pradesh,2018,3,krishna district,TOTAL,3754202654.3844614
andhra-pradesh,2018,4,krishna district,TOTAL,5416251838.130407
andhra-pradesh,2019,1,krishna district,TOTAL,9061346433.072681
andhra-pradesh,2019,2,krishna district,TOTAL,13437029115.620754
andhra-pradesh,2019,3,krishna district,TOTAL,16404073560.500784
andhra-pradesh,2019,4,krishna district,TOTAL,23039786404.04664
andhra-pradesh,2020,1,krishna district,TOTAL,24481702770.71471
andhra-pradesh,2020,2,krishna district,TOTAL,26964149095.366295
andhra-pradesh,2020,3,krishna district,TOTAL,44788458672.084435
andhra-pradesh,2020,4,krishna district,TOTAL,64461504667.60723
andhra-pradesh,2021,1,krishna district,TOTAL,69715406644.53485
andhra-pradesh,2021,2,krishna district,TOTAL,90021923049.96454
andhra-pradesh,2021,3,krishna district,TOTAL,104417897558.58972
andhra-pradesh,2021,4,krishna district,TOTAL,125015323207.89836
andhra-pradesh,2022,1,krishna district,TOTAL,139690081529.49048
andhra-pradesh,2022,2,krishna district,TOTAL,163997729295.93134
andhra-pradesh,2022,3,krishna district,TOTAL,153770559025.69125
andhra-pradesh,2022,4,krishna district,TOTAL,157826011193.35443
andhra-pradesh,2023,1,krishna district,TOTAL,238058890676.0
andhra-pradesh,2023,2,krishna district,TOTAL,267001403933.0
arunachal-pradesh,2018,1,namsai district,TOTAL,2162984.705083958
arunachal-pradesh,2018,2,namsai district,TOTAL,6271811.327635023
arunachal-pradesh,2018,3,namsai district,TOTAL,10698272.774381302
arunachal-pradesh,2018,4,namsai district,TOTAL,17643523.29373534
arunachal-pradesh,2019,1,namsai district,TOTAL,20065516.616355177
arunachal-pradesh,2019,2,namsai district,TOTAL,22491356.65721929
arunachal-pradesh,2019,3,namsai district,TOTAL,25507641.015596062
arunachal-pradesh,2019,4,namsai district,TOTAL,32501252.235055383
arunachal-pradesh,2020,1,namsai district,TOTAL,46444942.9567038
arunachal-pradesh,2020,2,namsai district,TOTAL,54870798.31404532
arunachal-pradesh,2020,3,namsai district,TOTAL,76484566.53480485
arunachal-pradesh,2020,4,namsai district,TOTAL,111916731.51687588
arunachal-pradesh,2021,1,namsai district,TOTAL,116637630.67690115
arunachal-pradesh,2021,2,namsai district,TOTAL,147069902.3522784
arunachal-pradesh,2021,3,namsai district,TOTAL,177380632.18278244
arunachal-pradesh,2021,4,namsai district,TOTAL,220513367.66283622
arunachal-pradesh,2022,1,namsai district,TOTAL,256004887.5750422
arunachal-pradesh,2022,2,namsai district,TOTAL,293920909.24794424
arunachal-pradesh,2022,3,namsai district,TOTAL,277199997.0357646
arunachal-pradesh,2022,4,namsai district,TOTAL,307955075.5201911
arunachal-pradesh,2023,1,namsai district,TOTAL,518550113.0
arunachal-pradesh,2023,2,namsai district,TOTAL,619571108.0
assam,2018,1,jorhat district,TOTAL,41164542.05596451
assam,2018,2,jorhat district,TOTAL,70634515.73039348
assam,2018,3,jorhat district,TOTAL,118008412.28630178
assam,2018,4,jorhat district,TOTAL,174524079.09399235
assam,2019,1,jorhat district,TOTAL,215041144.37958878
assam,2019,2,jorhat district,TOTAL,231878110.7193352
assam,2019,3,jorhat district,TOTAL,274329134.3924885
assam,2019,4,jorhat district,TOTAL,307700398.0221567
assam,2020,1,jorhat district,TOTAL,371072710.73973197
assam,2020,2,jorhat district,TOTAL,406689798.01641923
assam,2020,3,jorhat district,TOTAL,542788284.757088
assam,2020,4,jorhat district,TOTAL,815676507.4744498
assam,2021,1,jorhat district,TOTAL,856404785.4295708
assam,2021,2,jorhat district,TOTAL,911359043.2389444
assam,2021,3,jorhat district,TOTAL,1083758709.1114147
assam,2021,4,jorhat district,TOTAL,1488025280.2612674
assam,2022,1,jorhat district,TOTAL,1768122527.2374763
assam,2022,2,jorhat district,TOTAL,2020664284.239387
assam,2022,3,jorhat district,TOTAL,3694675386.605816
assam,2022,4,jorhat district,TOTAL,3528373897.52103
assam,2023,1,jorhat district,TOTAL,3630187754.0
assam,2023,2,jorhat district,TOTAL,4014450509.0
bihar,2018,1,bhojpur district,TOTAL,117985836.77226338
bihar,2018,2,bhojpur district,TOTAL,260921666.79854035
bihar,2018,3,bhojpur district,TOTAL,348676280.9394509
bihar,2018,4,bhojpur district,TOTAL,560408464.8180625
bihar,2019,1,bhojpur district,TOTAL,765057325.7810102
bihar,2019,2,bhojpur district,TOTAL,922175961.2433462
bihar,2019,3,bhojpur district,TOTAL,898638782.4700944
bihar,2019,4,bhojpur district,TOTAL,1302893150.8321266
bihar,2020,1,bhojpur district,TOTAL,1531449127.0872145
bihar,2020,2,bhojpur district,TOTAL,2037914496.4578984
bihar,2020,3,bhojpur district,TOTAL,2741456517.85939
bihar,2020,4,bhojpur district,TOTAL,4436373436.272966
bihar,2021,1,bhojpur district,TOTAL,4309305816.184845
bihar,2021,2,bhojpur district,TOTAL,5903541283.277052
bihar,2021,3,bhojpur district,TOTAL,5721558825.98047
bihar,2021,4,bhojpur district,TOTAL,8040908493.793684
bihar,2022,1,bhojpur district,TOTAL,9851793259.827124
bihar,2022,2,bhojpur district,TOTAL,12025976488.832731
bihar,2022,3,bhojpur district,TOTAL,10683915585.523502
bihar,2022,4,bhojpur district,TOTAL,12508501978.733713
bihar,2023,1,bhojpur district,TOTAL,22234404811.0
bihar,2023,2,bhojpur district,TOTAL,25867981089.0
chandigarh,2018,1,chandigarh district,TOTAL,613435420.8676233
chandigarh,2018,2,chandigarh district,TOTAL,961223261.74473
chandigarh,2018,3,chandigarh district,TOTAL,1369354447.5343118
chandigarh,2018,4,chandigarh district,TOTAL,2032591591.779975
chandigarh,2019,1,chandigarh district,TOTAL,2396032050.444029
chandigarh,2019,2,chandigarh district,TOTAL,2693116098.9444556
chandigarh,2019,3,chandigarh district,TOTAL,3269682087.660841
chandigarh,2019,4,chandigarh district,TOTAL,4152513817.939354
chandigarh,2020,1,chandigarh district,TOTAL,5126453070.016205
chandigarh,2020,2,chandigarh district,TOTAL,3847015729.690074
chandigarh,2020,3,chandigarh district,TOTAL,5089809353.36507
chandigarh,2020,4,chandigarh district,TOTAL,6146762901.349346
chandigarh,2021,1,chandigarh district,TOTAL,7596420859.545994
chandigarh,2021,2,chandigarh district,TOTAL,8417673939.936101
chandigarh,2021,3,chandigarh district,TOTAL,11815883004.693304
chandigarh,2021,4,chandigarh district,TOTAL,14373583510.61845
chandigarh,2022,1,chandigarh district,TOTAL,15174991549.84
chandigarh,2022,2,chandigarh district,TOTAL,17283500158.371002
chandigarh,2022,3,chandigarh district,TOTAL,20559757737.405857
chandigarh,2022,4,chandigarh district,TOTAL,27879754566.939415
chandigarh,2023,1,chandigarh district,TOTAL,12824894394.0
chandigarh,2023,2,chandigarh district,TOTAL,14414408750.0
chhattisgarh,2018,1,mahasamund district,TOTAL,69201346.06665277
chhattisgarh,2018,2,mahasamund district,TOTAL,124507011.67411298
chhattisgarh,2018,3,mahasamund district,TOTAL,199853879.35012454
chhattisgarh,2018,4,mahasamund district,TOTAL,297166565.82886094
chhattisgarh,2019,1,mahasamund district,TOTAL,369728146.1505085
chhattisgarh,2019,2,mahasamund district,TOTAL,391467746.3395828
chhattisgarh,2019,3,mahasamund district,TOTAL,451812545.4709327
chhattisgarh,2019,4,mahasamund district,TOTAL,610936099.4831579
chhattisgarh,2020,1,mahasamund district,TOTAL,712257295.5688996
chhattisgarh,2020,2,mahasamund district,TOTAL,987188501.0492831
chhattisgarh,2020,3,mahasamund district,TOTAL,1292683804.8464174
chhattisgarh,2020,4,mahasamund district,TOTAL,1951224040.2379332
chhattisgarh,2021,1,mahasamund district,TOTAL,2220399814.3984013
chhattisgarh,2021,2,mahasamund district,TOTAL,2609044564.352538
chhattisgarh,2021,3,mahasamund district,TOTAL,3248154697.285629
chhattisgarh,2021,4,mahasamund district,TOTAL,4025481736.715737
chhattisgarh,2022,1,mahasamund district,TOTAL,5020017743.469414
chhattisgarh,2022,2,mahasamund district,TOTAL,5542158574.479666
chhattisgarh,2022,3,mahasamund district,TOTAL,5221786624.788328
chhattisgarh,2022,4,mahasamund district,TOTAL,6294827909.790524
chhattisgarh,2023,1,mahasamund district,TOTAL,10588363841.0
chhattisgarh,2023,2,mahasamund district,TOTAL,11144524711.0
dadra-&-nagar-haveli-&-daman-&-diu,2018,1,dadra and nagar haveli district,TOTAL,105807098.82670306
dadra-&-nagar-haveli-&-daman-&-diu,2018,2,dadra and nagar haveli district,TOTAL,186926842.5467928
dadra-&-nagar-haveli-&-daman-&-diu,2018,3,dadra and nagar haveli district,TOTAL,273261425.21412045
dadra-&-nagar-haveli-&-daman-&-diu,2018,4,dadra and nagar haveli district,TOTAL,399434283.41724634
dadra-&-nagar-haveli-&-daman-&-diu,2019,1,dadra and nagar haveli district,TOTAL,505553450.4985651
dadra-&-nagar-haveli-&-daman-&-diu,2019,2,dadra and nagar haveli district,TOTAL,465450284.8957217
dadra-&-nagar-haveli-&-daman-&-diu,2019,3,dadra and nagar haveli district,TOTAL,579621876.8486074
dadra-&-nagar-haveli-&-daman-&-diu,2019,4,dadra and nagar haveli district,TOTAL,736360098.0195075
dadra-&-nagar-haveli-&-daman-&-diu,2020,1,dadra and nagar haveli district,TOTAL,813878312.368383
dadra-&-nagar-haveli-&-daman-&-diu,2020,2,dadra and nagar haveli district,TOTAL,819008453.120671
dadra-&-nagar-haveli-&-daman-&-diu,2020,3,dadra and nagar haveli district,TOTAL,1113115462.3887653
dadra-&-nagar-haveli-&-daman-&-diu,2020,4,dadra and nagar haveli district,TOTAL,1683480021.6173902
dadra-&-nagar-haveli-&-daman-&-diu,2021,1,dadra and nagar haveli district,TOTAL,1825446563.9770947
dadra-&-nagar-haveli-&-daman-&-diu,2021,2,dadra and nagar haveli district,TOTAL,1981679666.5277362
dadra-&-nagar-haveli-&-daman-&-diu,2021,3,dadra and nagar haveli district,TOTAL,2673225036.2333474
dadra-&-nagar-haveli-&-daman-&-diu,2021,4,dadra and nagar haveli district,TOTAL,3463923579.4310455
dadra-&-nagar-haveli-&-daman-&-diu,2022,1,dadra and nagar haveli district,TOTAL,3954838129.047655
dadra-&-nagar-haveli-&-daman-&-diu,2022,2,dadra and nagar haveli district,TOTAL,4384666145.001484
dadra-&-nagar-haveli-&-daman-&-diu,2022,3,dadra and nagar haveli district,TOTAL,4602085602.265934
dadra-&-nagar-haveli-&-daman-&-diu,2022,4,dadra and nagar haveli district,TOTAL,5134034950.126673
dadra-&-nagar-haveli-&-daman-&-diu,2023,1,dadra and nagar haveli district,TOTAL,8122810854.0
dadra-&-nagar-haveli-&-daman-&-diu,2023,2,dadra and nagar haveli district,TOTAL,8831457320.0
delhi,2018,1,north district,TOTAL,574580634.2506722
delhi,2018,2,north district,TOTAL,975252185.7330843
delhi,2018,3,north district,TOTAL,1471064055.191176
delhi,2018,4,north district,TOTAL,2189129077.3478146
delhi,2019,1,north district,TOTAL,2919441273.8433604
delhi,2019,2,north district,TOTAL,3429942978.9386196
delhi,2019,3,north district,TOTAL,4566145276.173758
delhi,2019,4,north district,TOTAL,5440162132.4586935
delhi,2020,1,north district,TOTAL,5959728045.553724
delhi,2020,2,north district,TOTAL,5258808051.479293
delhi,2020,3,north district,TOTAL,8507808245.570089
delhi,2020,4,north district,TOTAL,12208521800.583145
delhi,2021,1,north district,TOTAL,12976771848.005226
delhi,2021,2,north district,TOTAL,13045029034.825657
delhi,2021,3,north district,TOTAL,18205778951.817307
delhi,2021,4,north district,TOTAL,22723650290.401375
delhi,2022,1,north district,TOTAL,25099334230.75274
delhi,2022,2,north district,TOTAL,29482073628.067886
delhi,2022,3,north district,TOTAL,29812600679.071415
delhi,2022,4,north district,TOTAL,31932822870.2881
delhi,2023,1,north district,TOTAL,53000017794.0
delhi,2023,2,north district,TOTAL,58188318194.0
goa,2018,1,south goa district,TOTAL,116748450.35783319
goa,2018,2,south goa district,TOTAL,187788942.99917686
goa,2018,3,south goa district,TOTAL,291902680.78434587
goa,2018,4,south goa district,TOTAL,438125180.3228017
goa,2019,1,south goa district,TOTAL,534459044.9593618
goa,2019,2,south goa district,TOTAL,571032241.535074
goa,2019,3,south goa district,TOTAL,707353884.2285295
goa,2019,4,south goa district,TOTAL,959838914.9572154
goa,2020,1,south goa district,TOTAL,1035864031.0582265
goa,2020,2,south goa district,TOTAL,888964620.6248364
goa,2020,3,south goa district,TOTAL,1280721658.2614956
goa,2020,4,south goa district,TOTAL,2187791368.8370767
goa,2021,1,south goa district,TOTAL,2637842229.458396
goa,2021,2,south goa district,TOTAL,2621399702.202361
goa,2021,3,south goa district,TOTAL,3436270181.327051
goa,2021,4,south goa district,TOTAL,5160212288.32082
goa,2022,1,south goa district,TOTAL,5740805558.964066
goa,2022,2,south goa district,TOTAL,6388195726.492123
goa,2022,3,south goa district,TOTAL,6497339467.392014
goa,2022,4,south goa district,TOTAL,7656551999.340998
goa,2023,1,south goa district,TOTAL,10591544851.0
goa,2023,2,south goa district,TOTAL,11369735260.0
gujarat,2018,1,morbi district,TOTAL,70378385.89627899
gujarat,2018,2,morbi district,TOTAL,113984499.28873283
gujarat,2018,3,morbi district,TOTAL,171902527.9310693
gujarat,2018,4,morbi district,TOTAL,257863044.94200054
gujarat,2019,1,morbi district,TOTAL,331119429.57845145
gujarat,2019,2,morbi district,TOTAL,337289553.7122574
gujarat,2019,3,morbi district,TOTAL,398680908.6562626
gujarat,2019,4,morbi district,TOTAL,583121237.1199065
gujarat,2020,1,morbi district,TOTAL,669117520.7466867
gujarat,2020,2,morbi district,TOTAL,563192524.3777897
gujarat,2020,3,morbi district,TOTAL,1151870077.6734865
gujarat,2020,4,morbi district,TOTAL,1700378082.426631
gujarat,2021,1,morbi district,TOTAL,2219169833.3171697
gujarat,2021,2,morbi district,TOTAL,2441470415.445466
gujarat,2021,3,morbi district,TOTAL,3472418252.020602
gujarat,2021,4,morbi district,TOTAL,4532702026.275787
gujarat,2022,1,morbi district,TOTAL,5171017148.465556
gujarat,2022,2,morbi district,TOTAL,6103036587.724854
gujarat,2022,3,morbi district,TOTAL,6075514370.909432
gujarat,2022,4,morbi district,TOTAL,7944369113.768206
gujarat,2023,1,morbi district,TOTAL,10495027756.0
gujarat,2023,2,morbi district,TOTAL,11249299353.0
haryana,2018,1,jhajjar district,TOTAL,187960033.84590232
haryana,2018,2,jhajjar district,TOTAL,346182064.7776333
haryana,2018,3,jhajjar district,TOTAL,473013450.73230076
haryana,2018,4,jhajjar district,TOTAL,741571573.9301258
haryana,2019,1,jhajjar district,TOTAL,1042049466.2823191
haryana,2019,2,jhajjar district,TOTAL,1308026488.612537
haryana,2019,3,jhajjar district,TOTAL,1642655006.4215214
haryana,2019,4,jhajjar district,TOTAL,2147473030.3808532
haryana,2020,1,jhajjar district,TOTAL,2372192750.431947
haryana,2020,2,jhajjar district,TOTAL,2674618100.8210006
haryana,2020,3,jhajjar district,TOTAL,3738660379.586417
haryana,2020,4,jhajjar district,TOTAL,5544973431.463554
haryana,2021,1,jhajjar district,TOTAL,5484919037.9458275
haryana,2021,2,jhajjar district,TOTAL,6840921926.20001
haryana,2021,3,jhajjar district,TOTAL,8079713806.573341
haryana,2021,4,jhajjar district,TOTAL,10582723986.276371
haryana,2022,1,jhajjar district,TOTAL,11535220709.655296
haryana,2022,2,jhajjar district,TOTAL,13464451725.44448
haryana,2022,3,jhajjar district,TOTAL,15159748528.04851
haryana,2022,4,jhajjar district,TOTAL,16785189538.5209
haryana,2023,1,jhajjar district,TOTAL,23051039608.0
haryana,2023,2,jhajjar district,TOTAL,26202080272.0
himachal-pradesh,2018,1,kinnaur district,TOTAL,8101945.186458489
himachal-pradesh,2018,2,kinnaur district,TOTAL,20961589.979082577
himachal-pradesh,2018,3,kinnaur district,TOTAL,35997911.20638294
himachal-pradesh,2018,4,kinnaur district,TOTAL,45486720.66048766
himachal-pradesh,2019,1,kinnaur district,TOTAL,42813142.63781583
himachal-pradesh,2019,2,kinnaur district,TOTAL,65768561.738205254
himachal-pradesh,2019,3,kinnaur district,TOTAL,74894047.69871384
himachal-pradesh,2019,4,kinnaur district,TOTAL,92530995.15982531
himachal-pradesh,2020,1,kinnaur district,TOTAL,76518331.9908822
himachal-pradesh,2020,2,kinnaur district,TOTAL,126631406.13999891
himachal-pradesh,2020,3,kinnaur district,TOTAL,159215878.8528062
himachal-pradesh,2020,4,kinnaur district,TOTAL,232131448.49633557
himachal-pradesh,2021,1,kinnaur district,TOTAL,176839591.02058092
himachal-pradesh,2021,2,kinnaur district,TOTAL,261367711.46694133
himachal-pradesh,2021,3,kinnaur district,TOTAL,353832302.4842438
himachal-pradesh,2021,4,kinnaur district,TOTAL,394761269.9156797
himachal-pradesh,2022,1,kinnaur district,TOTAL,295606863.3095263
himachal-pradesh,2022,2,kinnaur district,TOTAL,510657770.8569747
himachal-pradesh,2022,3,kinnaur district,TOTAL,495511513.190618
himachal-pradesh,2022,4,kinnaur district,TOTAL,496929228.7937612
himachal-pradesh,2023,1,kinnaur district,TOTAL,513265035.0
himachal-pradesh,2023,2,kinnaur district,TOTAL,758889078.0
jammu-&-kashmir,2018,1,kupwara district,TOTAL,17085910.326759618
jammu-&-kashmir,2018,2,kupwara district,TOTAL,49999669.795696385
jammu-&-kashmir,2018,3,kupwara district,TOTAL,95123431.34163423
jammu-&-kashmir,2018,4,kupwara district,TOTAL,155148129.95113623
jammu-&-kashmir,2019,1,kupwara district,TOTAL,158106446.71607158
jammu-&-kashmir,2019,2,kupwara district,TOTAL,231219527.26181516
jammu-&-kashmir,2019,3,kupwara district,TOTAL,118625723.03167562
jammu-&-kashmir,2019,4,kupwara district,TOTAL,3800280.8395930566
jammu-&-kashmir,2020,1,kupwara district,TOTAL,87388063.94032452
jammu-&-kashmir,2020,2,kupwara district,TOTAL,359166698.8086049
jammu-&-kashmir,2020,3,kupwara district,TOTAL,516694658.1405349
jammu-&-kashmir,2020,4,kupwara district,TOTAL,721320071.0437154
jammu-&-kashmir,2021,1,kupwara district,TOTAL,651843634.7301381
jammu-&-kashmir,2021,2,kupwara district,TOTAL,819478528.2209682
jammu-&-kashmir,2021,3,kupwara district,TOTAL,1133802686.4410892
jammu-&-kashmir,2021,4,kupwara district,TOTAL,1313830800.64671
jammu-&-kashmir,2022,1,kupwara district,TOTAL,1300783254.8105645
jammu-&-kashmir,2022,2,kupwara district,TOTAL,1819041252.88245
jammu-&-kashmir,2022,3,kupwara district,TOTAL,1830706791.4213793
jammu-&-kashmir,2022,4,kupwara district,TOTAL,1804597459.1902237
jammu-&-kashmir,2023,1,kupwara district,TOTAL,2711442887.0
jammu-&-kashmir,2023,2,kupwara district,TOTAL,4036251709.0
jharkhand,2018,1,bokaro district,TOTAL,210067688.75698972
jharkhand,2018,2,bokaro district,TOTAL,398722258.97476417
jharkhand,2018,3,bokaro district,TOTAL,1103642100.617909
jharkhand,2018,4,bokaro district,TOTAL,898225421.2948879
jharkhand,2019,1,bokaro district,TOTAL,1046148508.9114575
jharkhand,2019,2,bokaro district,TOTAL,1369272123.3242126
jharkhand,2019,3,bokaro district,TOTAL,1613980827.1432543
jharkhand,2019,4,bokaro district,TOTAL,2158045122.491934
jharkhand,2020,1,bokaro district,TOTAL,2254545205.3164005
jharkhand,2020,2,bokaro district,TOTAL,2612705534.8983884
jharkhand,2020,3,bokaro district,TOTAL,3873518361.5365276
jharkhand,2020,4,bokaro district,TOTAL,5846478510.257725
jharkhand,2021,1,bokaro district,TOTAL,5905357346.344383
jharkhand,2021,2,bokaro district,TOTAL,7412510718.099218
jharkhand,2021,3,bokaro district,TOTAL,8909127705.00824
jharkhand,2021,4,bokaro district,TOTAL,12121069536.264236
jharkhand,2022,1,bokaro district,TOTAL,13303827043.387667
jharkhand,2022,2,bokaro district,TOTAL,15638269878.460331
jharkhand,2022,3,bokaro district,TOTAL,14727741169.334763
jharkhand,2022,4,bokaro district,TOTAL,20173927151.750206
jharkhand,2023,1,bokaro district,TOTAL,27201682861.0
jharkhand,2023,2,bokaro district,TOTAL,30526202563.0
karnataka,2018,1,gadag district,TOTAL,58062529.1315764
karnataka,2018,2,gadag district,TOTAL,112264784.02529755
karnataka,2018,3,gadag district,TOTAL,183892465.80073494
karnataka,2018,4,gadag district,TOTAL,291640063.42841136
karnataka,2019,1,gadag district,TOTAL,453398821.97652453
karnataka,2019,2,gadag district,TOTAL,659704151.2505269
karnataka,2019,3,gadag district,TOTAL,756916365.9954008
karnataka,2019,4,gadag district,TOTAL,1188343526.612237
karnataka,2020,1,gadag district,TOTAL,1511707695.3671956
karnataka,2020,2,gadag district,TOTAL,1926789573.0495763
karnataka,2020,3,gadag district,TOTAL,2753533726.27555
karnataka,2020,4,gadag district,TOTAL,4078340826.749055
karnataka,2021,1,gadag district,TOTAL,3921903568.216193
karnataka,2021,2,gadag district,TOTAL,5181344411.482389
karnataka,2021,3,gadag district,TOTAL,6511775339.361624
karnataka,2021,4,gadag district,TOTAL,7679264206.975709
karnataka,2022,1,gadag district,TOTAL,8750528457.344032
karnataka,2022,2,gadag district,TOTAL,10441830809.061962
karnataka,2022,3,gadag district,TOTAL,9236758197.071215
karnataka,2022,4,gadag district,TOTAL,10329614180.904041
karnataka,2023,1,gadag district,TOTAL,16528664310.0
karnataka,2023,2,gadag district,TOTAL,19301802886.0
kerala,2018,1,idukki district,TOTAL,53257161.57039655
kerala,2018,2,idukki district,TOTAL,93958133.15853149
kerala,2018,3,idukki district,TOTAL,118384553.46241829
kerala,2018,4,idukki district,TOTAL,194842742.82781494
kerala,2019,1,idukki district,TOTAL,241755310.74257103
kerala,2019,2,idukki district,TOTAL,299501811.97341865
kerala,2019,3,idukki district,TOTAL,374195886.67161965
kerala,2019,4,idukki district,TOTAL,510951850.4557996
kerala,2020,1,idukki district,TOTAL,534248866.5212162
kerala,2020,2,idukki district,TOTAL,466095268.53298694
kerala,2020,3,idukki district,TOTAL,789639621.9157053
kerala,2020,4,idukki district,TOTAL,1415411497.8597498
kerala,2021,1,idukki district,TOTAL,1591435733.397046
kerala,2021,2,idukki district,TOTAL,1606683937.7940414
kerala,2021,3,idukki district,TOTAL,2283771416.356572
kerala,2021,4,idukki district,TOTAL,2888327473.827167
kerala,2022,1,idukki district,TOTAL,3303236645.929193
kerala,2022,2,idukki district,TOTAL,3773017123.960714
kerala,2022,3,idukki district,TOTAL,3763325870.944789
kerala,2022,4,idukki district,TOTAL,4317415338.538482
kerala,2023,1,idukki district,TOTAL,5859418320.0
kerala,2023,2,idukki district,TOTAL,6621193630.0
ladakh,2018,1,leh ladakh district,TOTAL,9101926.692070464
ladakh,2018,2,leh ladakh district,TOTAL,33164160.35287711
ladakh,2018,3,leh ladakh district,TOTAL,63917843.16930765
ladakh,2018,4,leh ladakh district,TOTAL,103879000.36170289
ladakh,2019,1,leh ladakh district,TOTAL,118531360.44614574
ladakh,2019,2,leh ladakh district,TOTAL,201775862.19993445
ladakh,2019,3,leh ladakh district,TOTAL,283288473.2013481
ladakh,2019,4,leh ladakh district,TOTAL,302589608.5910406
ladakh,2020,1,leh ladakh district,TOTAL,308889816.71047306
ladakh,2020,2,leh ladakh district,TOTAL,398378484.5171527
ladakh,2020,3,leh ladakh district,TOTAL,652346606.227981
ladakh,2020,4,leh ladakh district,TOTAL,869280793.9100087
ladakh,2021,1,leh ladakh district,TOTAL,801921555.5582755
ladakh,2021,2,leh ladakh district,TOTAL,1142273759.759401
ladakh,2021,3,leh ladakh district,TOTAL,1769463336.535549
ladakh,2021,4,leh ladakh district,TOTAL,1736886845.1005514
ladakh,2022,1,leh ladakh district,TOTAL,1653910267.0664315
ladakh,2022,2,leh ladakh district,TOTAL,2898954648.724365
ladakh,2022,3,leh ladakh district,TOTAL,2958028223.6015005
ladakh,2022,4,leh ladakh district,TOTAL,2346066905.1393
ladakh,2023,1,leh ladakh district,TOTAL,3218322654.0
ladakh,2023,2,leh ladakh district,TOTAL,5933975592.0
lakshadweep,2018,1,lakshadweep district,TOTAL,1928611.1808777403
lakshadweep,2018,2,lakshadweep district,TOTAL,6187809.539400538
lakshadweep,2018,3,lakshadweep district,TOTAL,4339032.311985849
lakshadweep,2018,4,lakshadweep district,TOTAL,4463213.698222831
lakshadweep,2019,1,lakshadweep district,TOTAL,8786130.479338996
lakshadweep,2019,2,lakshadweep district,TOTAL,9242524.13698889
lakshadweep,2019,3,lakshadweep district,TOTAL,9651761.463768471
lakshadweep,2019,4,lakshadweep district,TOTAL,11269913.40492385
lakshadweep,2020,1,lakshadweep district,TOTAL,13502368.574504208
lakshadweep,2020,2,lakshadweep district,TOTAL,16942922.085944396
lakshadweep,2020,3,lakshadweep district,TOTAL,21306833.308656827
lakshadweep,2020,4,lakshadweep district,TOTAL,30111317.91708039
lakshadweep,2021,1,lakshadweep district,TOTAL,27042782.914081153
lakshadweep,2021,2,lakshadweep district,TOTAL,27383463.65795153
lakshadweep,2021,3,lakshadweep district,TOTAL,38803163.698768154
lakshadweep,2021,4,lakshadweep district,TOTAL,50998185.528381005
lakshadweep,2022,1,lakshadweep district,TOTAL,54939432.65393007
lakshadweep,2022,2,lakshadweep district,TOTAL,55929601.98990567
lakshadweep,2022,3,lakshadweep district,TOTAL,47580009.61750026
lakshadweep,2022,4,lakshadweep district,TOTAL,54813873.61493625
lakshadweep,2023,1,lakshadweep district,TOTAL,85321961.0
lakshadweep,2023,2,lakshadweep district,TOTAL,97987438.0
madhya-pradesh,2018,1,chhatarpur district,TOTAL,74380804.92252028
madhya-pradesh,2018,2,chhatarpur district,TOTAL,145073867.39570677
madhya-pradesh,2018,3,chhatarpur district,TOTAL,202696886.25763637
madhya-pradesh,2018,4,chhatarpur district,TOTAL,337223351.3088259
madhya-pradesh,2019,1,chhatarpur district,TOTAL,469959429.53119093
madhya-pradesh,2019,2,chhatarpur district,TOTAL,588325833.1001078
madhya-pradesh,2019,3,chhatarpur district,TOTAL,641856047.3558884
madhya-pradesh,2019,4,chhatarpur district,TOTAL,883250818.9651694
madhya-pradesh,2020,1,chhatarpur district,TOTAL,1059141076.1447953
madhya-pradesh,2020,2,chhatarpur district,TOTAL,1487940663.8813524
madhya-pradesh,2020,3,chhatarpur district,TOTAL,1935232278.0025325
madhya-pradesh,2020,4,chhatarpur district,TOTAL,2810603686.0107274
madhya-pradesh,2021,1,chhatarpur district,TOTAL,2858061843.406745
madhya-pradesh,2021,2,chhatarpur district,TOTAL,4026012851.0907516
madhya-pradesh,2021,3,chhatarpur district,TOTAL,4585651268.768494
madhya-pradesh,2021,4,chhatarpur district,TOTAL,6048373564.2584915
madhya-pradesh,2022,1,chhatarpur district,TOTAL,6802122995.65275
madhya-pradesh,2022,2,chhatarpur district,TOTAL,8534109728.323781
madhya-pradesh,2022,3,chhatarpur district,TOTAL,7777910395.649037
madhya-pradesh,2022,4,chhatarpur district,TOTAL,9172166022.913769
madhya-pradesh,2023,1,chhatarpur district,TOTAL,14593671664.0
madhya-pradesh,2023,2,chhatarpur district,TOTAL,17514926481.0
maharashtra,2018,1,satara district,TOTAL,264857537.36135083
maharashtra,2018,2,satara district,TOTAL,487452271.8579569
maharashtra,2018,3,satara district,TOTAL,742208310.461832
maharashtra,2018,4,satara district,TOTAL,1153996303.1116636
maharashtra,2019,1,satara district,TOTAL,1454004270.0928822
maharashtra,2019,2,satara district,TOTAL,1739683085.5318732
maharashtra,2019,3,satara district,TOTAL,2197006792.497435
maharashtra,2019,4,satara district,TOTAL,3231655556.129589
maharashtra,2020,1,satara district,TOTAL,4120146162.712983
maharashtra,2020,2,satara district,TOTAL,5079899574.13271
maharashtra,2020,3,satara district,TOTAL,6804965990.2244625
maharashtra,2020,4,satara district,TOTAL,10884087745.800198
maharashtra,2021,1,satara district,TOTAL,11665585732.692352
maharashtra,2021,2,satara district,TOTAL,13372484167.690807
maharashtra,2021,3,satara district,TOTAL,17327306884.54817
maharashtra,2021,4,satara district,TOTAL,22557502388.35908
maharashtra,2022,1,satara district,TOTAL,25280931605.5211
maharashtra,2022,2,satara district,TOTAL,29497978656.27469
maharashtra,2022,3,satara district,TOTAL,27386242964.314114
maharashtra,2022,4,satara district,TOTAL,32215623082.643204
maharashtra,2023,1,satara district,TOTAL,49100769032.0
maharashtra,2023,2,satara district,TOTAL,54550581643.0
manipur,2018,1,imphal west district,TOTAL,46026262.666274294
manipur,2018,2,imphal west district,TOTAL,84363001.78828333
manipur,2018,3,imphal west district,TOTAL,121033722.07207742
manipur,2018,4,imphal west district,TOTAL,181598328.15686062
manipur,2019,1,imphal west district,TOTAL,205676258.93003774
manipur,2019,2,imphal west district,TOTAL,232056651.71484104
manipur,2019,3,imphal west district,TOTAL,266880799.50360966
manipur,2019,4,imphal west district,TOTAL,445926296.0528502
manipur,2020,1,imphal west district,TOTAL,1799193747.3658047
manipur,2020,2,imphal west district,TOTAL,2034861513.6925411
manipur,2020,3,imphal west district,TOTAL,3116905375.2218285
manipur,2020,4,imphal west district,TOTAL,3447479864.9516916
manipur,2021,1,imphal west district,TOTAL,4962553375.308464
manipur,2021,2,imphal west district,TOTAL,5697696459.585503
manipur,2021,3,imphal west district,TOTAL,7437068961.027054
manipur,2021,4,imphal west district,TOTAL,9254105829.377777
manipur,2022,1,imphal west district,TOTAL,10331377272.313238
manipur,2022,2,imphal west district,TOTAL,11035105413.786879
manipur,2022,3,imphal west district,TOTAL,11153142712.787489
manipur,2022,4,imphal west district,TOTAL,11004726597.698875
manipur,2023,1,imphal west district,TOTAL,2602833306.0
manipur,2023,2,imphal west district,TOTAL,1347200442.0
meghalaya,2018,1,west khasi hills district,TOTAL,1647761.3372907462
meghalaya,2018,2,west khasi hills district,TOTAL,684129.9552836155
meghalaya,2018,3,west khasi hills district,TOTAL,2146208.196912882
meghalaya,2018,4,west khasi hills district,TOTAL,5962239.029920495
meghalaya,2019,1,west khasi hills district,TOTAL,5045464.405482588
meghalaya,2019,2,west khasi hills district,TOTAL,4711717.239687435
meghalaya,2019,3,west khasi hills district,TOTAL,6779362.1133165285
meghalaya,2019,4,west khasi hills district,TOTAL,8007467.18256015
meghalaya,2020,1,west khasi hills district,TOTAL,12185453.500704024
meghalaya,2020,2,west khasi hills district,TOTAL,13551099.230221383
meghalaya,2020,3,west khasi hills district,TOTAL,19820539.503571287
meghalaya,2020,4,west khasi hills district,TOTAL,41431802.48173465
meghalaya,2021,1,west khasi hills district,TOTAL,60183253.84696514
meghalaya,2021,2,west khasi hills district,TOTAL,41326043.50138934
meghalaya,2021,3,west khasi hills district,TOTAL,45708478.00363463
meghalaya,2021,4,west khasi hills district,TOTAL,108595108.91303807
meghalaya,2022,1,west khasi hills district,TOTAL,148090837.06952718
meghalaya,2022,2,west khasi hills district,TOTAL,103764884.88347428
meghalaya,2022,3,west khasi hills district,TOTAL,87822016.10251653
meghalaya,2022,4,west khasi hills district,TOTAL,141954215.09290665
meghalaya,2023,1,west khasi hills district,TOTAL,283510432.0
meghalaya,2023,2,west khasi hills district,TOTAL,167896488.0
mizoram,2018,1,saiha district,TOTAL,2188550.572811981
mizoram,2018,2,saiha district,TOTAL,5346759.668342534
mizoram,2018,3,saiha district,TOTAL,6004487.220311114
mizoram,2018,4,saiha district,TOTAL,7552316.893169428
mizoram,2019,1,saiha district,TOTAL,8448785.630905889
mizoram,2019,2,saiha district,TOTAL,7884158.20574963
mizoram,2019,3,saiha district,TOTAL,10739243.821443643
mizoram,2019,4,saiha district,TOTAL,13805068.176785678
mizoram,2020,1,saiha district,TOTAL,14713548.478265904
mizoram,2020,2,saiha district,TOTAL,19711305.598098427
mizoram,2020,3,saiha district,TOTAL,24796870.137284856
mizoram,2020,4,saiha district,TOTAL,40835573.753559604
mizoram,2021,1,saiha district,TOTAL,35378443.37986354
mizoram,2021,2,saiha district,TOTAL,41046228.48202239
mizoram,2021,3,saiha district,TOTAL,43455371.73017335
mizoram,2021,4,saiha district,TOTAL,54122948.934775494
mizoram,2022,1,saiha district,TOTAL,64447851.87228675
mizoram,2022,2,saiha district,TOTAL,71937273.17240411
mizoram,2022,3,saiha district,TOTAL,62352784.58970161
mizoram,2022,4,saiha district,TOTAL,82040637.84033793
mizoram,2023,1,saiha district,TOTAL,130442146.0
mizoram,2023,2,saiha district,TOTAL,150631245.0
nagaland,2018,1,wokha district,TOTAL,1942858.0739698592
nagaland,2018,2,wokha district,TOTAL,2952808.201464099
nagaland,2018,3,wokha district,TOTAL,6048116.93383928
nagaland,2018,4,wokha district,TOTAL,8954846.535749527
nagaland,2019,1,wokha district,TOTAL,13111143.37360057
nagaland,2019,2,wokha district,TOTAL,12443724.249822928
nagaland,2019,3,wokha district,TOTAL,16293996.925105993
nagaland,2019,4,wokha district,TOTAL,21418632.85491927
nagaland,2020,1,wokha district,TOTAL,22440994.626501698
nagaland,2020,2,wokha district,TOTAL,30734350.100484923
nagaland,2020,3,wokha district,TOTAL,47486985.41741961
nagaland,2020,4,wokha district,TOTAL,77215466.14300685
nagaland,2021,1,wokha district,TOTAL,65940883.14165088
nagaland,2021,2,wokha district,TOTAL,82266645.13170332
nagaland,2021,3,wokha district,TOTAL,96937646.11476573
nagaland,2021,4,wokha district,TOTAL,130830504.92018619
nagaland,2022,1,wokha district,TOTAL,136226519.77073425
nagaland,2022,2,wokha district,TOTAL,145247750.7945045
nagaland,2022,3,wokha district,TOTAL,192965563.65293062
nagaland,2022,4,wokha district,TOTAL,296499670.55821544
nagaland,2023,1,wokha district,TOTAL,285750784.0
nagaland,2023,2,wokha district,TOTAL,284516185.0
odisha,2018,1,cuttack district,TOTAL,391394151.55179805
odisha,2018,2,cuttack district,TOTAL,703532192.7454895
odisha,2018,3,cuttack district,TOTAL,2048374280.000453
odisha,2018,4,cuttack district,TOTAL,1900469800.3941858
odisha,2019,1,cuttack district,TOTAL,2746382808.134754
odisha,2019,2,cuttack district,TOTAL,3195750424.172798
odisha,2019,3,cuttack district,TOTAL,4539350540.746681
odisha,2019,4,cuttack district,TOTAL,6269240606.549929
odisha,2020,1,cuttack district,TOTAL,5842461996.611475
odisha,2020,2,cuttack district,TOTAL,6130914551.43539
odisha,2020,3,cuttack district,TOTAL,8273230957.575866
odisha,2020,4,cuttack district,TOTAL,13515958605.271858
odisha,2021,1,cuttack district,TOTAL,14866806447.116581
odisha,2021,2,cuttack district,TOTAL,16755164887.959583
odisha,2021,3,cuttack district,TOTAL,21926611695.60376
odisha,2021,4,cuttack district,TOTAL,27928768464.569107
odisha,2022,1,cuttack district,TOTAL,31482914773.52869
odisha,2022,2,cuttack district,TOTAL,36561231371.455444
odisha,2022,3,cuttack district,TOTAL,39407252993.2224
odisha,2022,4,cuttack district,TOTAL,45410411960.17213
odisha,2023,1,cuttack district,TOTAL,62482723536.0
odisha,2023,2,cuttack district,TOTAL,66807740190.0
puducherry,2018,1,mahe district,TOTAL,2456276.910513108
puducherry,2018,2,mahe district,TOTAL,3557654.224934818
puducherry,2018,3,mahe district,TOTAL,5653448.400293597
puducherry,2018,4,mahe district,TOTAL,7299650.996062614
puducherry,2019,1,mahe district,TOTAL,10846685.022694789
puducherry,2019,2,mahe district,TOTAL,10524574.13631358
puducherry,2019,3,mahe district,TOTAL,15294016.92132694
puducherry,2019,4,mahe district,TOTAL,18497001.461263284
puducherry,2020,1,mahe district,TOTAL,22225930.008886866
puducherry,2020,2,mahe district,TOTAL,36853827.72806046
puducherry,2020,3,mahe district,TOTAL,39701146.44760118
puducherry,2020,4,mahe district,TOTAL,62154140.96632716
puducherry,2021,1,mahe district,TOTAL,76889289.31604216
puducherry,2021,2,mahe district,TOTAL,86748217.58839178
puducherry,2021,3,mahe district,TOTAL,119461798.76413691
puducherry,2021,4,mahe district,TOTAL,158832340.7045973
puducherry,2022,1,mahe district,TOTAL,184741472.12407243
puducherry,2022,2,mahe district,TOTAL,204309598.85051042
puducherry,2022,3,mahe district,TOTAL,189885530.5376592
puducherry,2022,4,mahe district,TOTAL,213692492.28184882
puducherry,2023,1,mahe district,TOTAL,329071483.0
puducherry,2023,2,mahe district,TOTAL,370765273.0
punjab,2018,1,moga district,TOTAL,59439080.88744533
punjab,2018,2,moga district,TOTAL,99196919.97429472
punjab,2018,3,moga district,TOTAL,136586192.7992548
punjab,2018,4,moga district,TOTAL,206539665.30748087
punjab,2019,1,moga district,TOTAL,208249802.40473542
punjab,2019,2,moga district,TOTAL,243980786.03114355
punjab,2019,3,moga district,TOTAL,291011836.2005368
punjab,2019,4,moga district,TOTAL,404884615.2468643
punjab,2020,1,moga district,TOTAL,477227285.3974912
punjab,2020,2,moga district,TOTAL,507379498.0839576
punjab,2020,3,moga district,TOTAL,602239080.9487607
punjab,2020,4,moga district,TOTAL,850637407.1420672
punjab,2021,1,moga district,TOTAL,867502076.3491857
punjab,2021,2,moga district,TOTAL,1036948696.0490458
punjab,2021,3,moga district,TOTAL,1220181198.335445
punjab,2021,4,moga district,TOTAL,1577207232.1698253
punjab,2022,1,moga district,TOTAL,1893835707.8397522
punjab,2022,2,moga district,TOTAL,2141791370.405548
punjab,2022,3,moga district,TOTAL,2262600179.9705143
punjab,2022,4,moga district,TOTAL,2598705267.174854
punjab,2023,1,moga district,TOTAL,3564626639.0
punjab,2023,2,moga district,TOTAL,3760802837.0
rajasthan,2018,1,jhunjhunu district,TOTAL,249837885.50885952
rajasthan,2018,2,jhunjhunu district,TOTAL,454701839.82302004
rajasthan,2018,3,jhunjhunu district,TOTAL,650612466.9197886
rajasthan,2018,4,jhunjhunu district,TOTAL,1109050939.6950903
rajasthan,2019,1,jhunjhunu district,TOTAL,1661037639.5409722
rajasthan,2019,2,jhunjhunu district,TOTAL,2364089402.6112127
rajasthan,2019,3,jhunjhunu district,TOTAL,2830120895.1819515
rajasthan,2019,4,jhunjhunu district,TOTAL,4227582982.791309
rajasthan,2020,1,jhunjhunu district,TOTAL,3486033430.3162336
rajasthan,2020,2,jhunjhunu district,TOTAL,4325892021.664874
rajasthan,2020,3,jhunjhunu district,TOTAL,6098391248.110207
rajasthan,2020,4,jhunjhunu district,TOTAL,9648559702.703949
rajasthan,2021,1,jhunjhunu district,TOTAL,10335519087.29265
rajasthan,2021,2,jhunjhunu district,TOTAL,12840869598.946894
rajasthan,2021,3,jhunjhunu district,TOTAL,15584852433.930729
rajasthan,2021,4,jhunjhunu district,TOTAL,21099797535.474567
rajasthan,2022,1,jhunjhunu district,TOTAL,22640907821.866825
rajasthan,2022,2,jhunjhunu district,TOTAL,25741220480.27944
rajasthan,2022,3,jhunjhunu district,TOTAL,24776793676.52417
rajasthan,2022,4,jhunjhunu district,TOTAL,29279732154.496353
rajasthan,2023,1,jhunjhunu district,TOTAL,45869342225.0
rajasthan,2023,2,jhunjhunu district,TOTAL,49969031950.0
sikkim,2018,1,north district,TOTAL,5176776.803176152
sikkim,2018,2,north district,TOTAL,12849363.319488723
sikkim,2018,3,north district,TOTAL,27923847.395025603
sikkim,2018,4,north district,TOTAL,54207984.03057738
sikkim,2019,1,north district,TOTAL,42949466.656635895
sikkim,2019,2,north district,TOTAL,54371272.971085116
sikkim,2019,3,north district,TOTAL,68488417.92409426
sikkim,2019,4,north district,TOTAL,84624221.58772576
sikkim,2020,1,north district,TOTAL,84615332.45666516
sikkim,2020,2,north district,TOTAL,126661852.85020877
sikkim,2020,3,north district,TOTAL,163225093.14147198
sikkim,2020,4,north district,TOTAL,251186246.6496318
sikkim,2021,1,north district,TOTAL,220448584.97284672
sikkim,2021,2,north district,TOTAL,256077157.4357005
sikkim,2021,3,north district,TOTAL,321880637.03834116
sikkim,2021,4,north district,TOTAL,421772618.6452949
sikkim,2022,1,north district,TOTAL,391801570.4561584
sikkim,2022,2,north district,TOTAL,540506472.6682708
sikkim,2022,3,north district,TOTAL,523914878.6149709
sikkim,2022,4,north district,TOTAL,542707823.7654651
sikkim,2023,1,north district,TOTAL,708806955.0
sikkim,2023,2,north district,TOTAL,990094447.0
tamil-nadu,2018,1,thiruvarur district,TOTAL,32378308.922213852
tamil-nadu,2018,2,thiruvarur district,TOTAL,57642123.094607845
tamil-nadu,2018,3,thiruvarur district,TOTAL,92064901.75965646
tamil-nadu,2018,4,thiruvarur district,TOTAL,144518281.7328139
tamil-nadu,2019,1,thiruvarur district,TOTAL,195536577.7617722
tamil-nadu,2019,2,thiruvarur district,TOTAL,201988781.25331098
tamil-nadu,2019,3,thiruvarur district,TOTAL,261636404.8962479
tamil-nadu,2019,4,thiruvarur district,TOTAL,333129126.8343694
tamil-nadu,2020,1,thiruvarur district,TOTAL,408094487.0434287
tamil-nadu,2020,2,thiruvarur district,TOTAL,502858490.9367853
tamil-nadu,2020,3,thiruvarur district,TOTAL,703997543.8828171
tamil-nadu,2020,4,thiruvarur district,TOTAL,964028095.5818014
tamil-nadu,2021,1,thiruvarur district,TOTAL,1150542258.225264
tamil-nadu,2021,2,thiruvarur district,TOTAL,1215901816.548285
tamil-nadu,2021,3,thiruvarur district,TOTAL,1641658306.3405278
tamil-nadu,2021,4,thiruvarur district,TOTAL,1980984596.362946
tamil-nadu,2022,1,thiruvarur district,TOTAL,2334746608.8726997
tamil-nadu,2022,2,thiruvarur district,TOTAL,2517626211.7731895
tamil-nadu,2022,3,thiruvarur district,TOTAL,2533305502.950427
tamil-nadu,2022,4,thiruvarur district,TOTAL,2670800447.3045335
tamil-nadu,2023,1,thiruvarur district,TOTAL,4490953844.0
tamil-nadu,2023,2,thiruvarur district,TOTAL,4604374150.0
telangana,2018,1,khammam district,TOTAL,245857422.18747443
telangana,2018,2,khammam district,TOTAL,532458838.37570375
telangana,2018,3,khammam district,TOTAL,611486713.5820062
telangana,2018,4,khammam district,TOTAL,958128373.8025743
telangana,2019,1,khammam district,TOTAL,1481079756.3855424
telangana,2019,2,khammam district,TOTAL,2063514016.2549326
telangana,2019,3,khammam district,TOTAL,2602393109.2431
telangana,2019,4,khammam district,TOTAL,3902061676.7459927
telangana,2020,1,khammam district,TOTAL,5525879243.728758
telangana,2020,2,khammam district,TOTAL,7845967966.504283
telangana,2020,3,khammam district,TOTAL,10624076063.27388
telangana,2020,4,khammam district,TOTAL,16464448770.047258
telangana,2021,1,khammam district,TOTAL,17657527187.368073
telangana,2021,2,khammam district,TOTAL,23771340184.86827
telangana,2021,3,khammam district,TOTAL,25395360624.334126
telangana,2021,4,khammam district,TOTAL,31245204308.11756
telangana,2022,1,khammam district,TOTAL,35894472741.54594
telangana,2022,2,khammam district,TOTAL,40474391433.33105
telangana,2022,3,khammam district,TOTAL,36789751400.92127
telangana,2022,4,khammam district,TOTAL,39626352507.58298
telangana,2023,1,khammam district,TOTAL,62870355301.0
telangana,2023,2,khammam district,TOTAL,71192383492.0
tripura,2018,1,west tripura district,TOTAL,68418341.27939591
tripura,2018,2,west tripura district,TOTAL,127784098.633682
tripura,2018,3,west tripura district,TOTAL,229530961.76904225
tripura,2018,4,west tripura district,TOTAL,305112898.56606925
tripura,2019,1,west tripura district,TOTAL,356302222.87033004
tripura,2019,2,west tripura district,TOTAL,400168803.61725503
tripura,2019,3,west tripura district,TOTAL,501659348.30598545
tripura,2019,4,west tripura district,TOTAL,585934433.558359
tripura,2020,1,west tripura district,TOTAL,795860840.742927
tripura,2020,2,west tripura district,TOTAL,779679849.9780351
tripura,2020,3,west tripura district,TOTAL,937726111.8013046
tripura,2020,4,west tripura district,TOTAL,1319546164.1650112
tripura,2021,1,west tripura district,TOTAL,1402040320.719656
tripura,2021,2,west tripura district,TOTAL,1463071251.4870775
tripura,2021,3,west tripura district,TOTAL,1895464982.709153
tripura,2021,4,west tripura district,TOTAL,2328859193.6465282
tripura,2022,1,west tripura district,TOTAL,2620170134.665219
tripura,2022,2,west tripura district,TOTAL,2957075284.517075
tripura,2022,3,west tripura district,TOTAL,4317123305.576752
tripura,2022,4,west tripura district,TOTAL,5757593406.558215
tripura,2023,1,west tripura district,TOTAL,5127042638.0
tripura,2023,2,west tripura district,TOTAL,5599757469.0
uttar-pradesh,2018,1,ghaziabad district,TOTAL,1146504201.1625626
uttar-pradesh,2018,2,ghaziabad district,TOTAL,1868838026.6123133
uttar-pradesh,2018,3,ghaziabad district,TOTAL,2613540894.7239933
uttar-pradesh,2018,4,ghaziabad district,TOTAL,4117778328.278023
uttar-pradesh,2019,1,ghaziabad district,TOTAL,5631770850.217073
uttar-pradesh,2019,2,ghaziabad district,TOTAL,6368927863.001434
uttar-pradesh,2019,3,ghaziabad district,TOTAL,8384891301.42561
uttar-pradesh,2019,4,ghaziabad district,TOTAL,10609113377.795418
uttar-pradesh,2020,1,ghaziabad district,TOTAL,11998182771.021786
uttar-pradesh,2020,2,ghaziabad district,TOTAL,11178742327.553669
uttar-pradesh,2020,3,ghaziabad district,TOTAL,16722698683.28836
uttar-pradesh,2020,4,ghaziabad district,TOTAL,24565353557.018074
uttar-pradesh,2021,1,ghaziabad district,TOTAL,26364856584.17089
uttar-pradesh,2021,2,ghaziabad district,TOTAL,27766534443.259594
uttar-pradesh,2021,3,ghaziabad district,TOTAL,35753594948.1124
uttar-pradesh,2021,4,ghaziabad district,TOTAL,45871860827.12578
uttar-pradesh,2022,1,ghaziabad district,TOTAL,50571013176.649765
uttar-pradesh,2022,2,ghaziabad district,TOTAL,59183436240.67706
uttar-pradesh,2022,3,ghaziabad district,TOTAL,62804603270.37625
uttar-pradesh,2022,4,ghaziabad district,TOTAL,73333545352.23656
uttar-pradesh,2023,1,ghaziabad district,TOTAL,98038172535.0
uttar-pradesh,2023,2,ghaziabad district,TOTAL,106962936038.0
uttarakhand,2018,1,tehri garhwal district,TOTAL,41280388.51120189
uttarakhand,2018,2,tehri garhwal district,TOTAL,79925226.8074092
uttarakhand,2018,3,tehri garhwal district,TOTAL,97822405.13469782
uttarakhand,2018,4,tehri garhwal district,TOTAL,157761446.48374176
uttarakhand,2019,1,tehri garhwal district,TOTAL,188532149.09953338
uttarakhand,2019,2,tehri garhwal district,TOTAL,262677784.70331165
uttarakhand,2019,3,tehri garhwal district,TOTAL,268739806.73495024
uttarakhand,2019,4,tehri garhwal district,TOTAL,331559129.7280453
uttarakhand,2020,1,tehri garhwal district,TOTAL,365428107.2466619
uttarakhand,2020,2,tehri garhwal district,TOTAL,410098391.70712256
uttarakhand,2020,3,tehri garhwal district,TOTAL,595254916.1120149
uttarakhand,2020,4,tehri garhwal district,TOTAL,938923389.1074793
uttarakhand,2021,1,tehri garhwal district,TOTAL,927820405.8247087
uttarakhand,2021,2,tehri garhwal district,TOTAL,1001900308.1286169
uttarakhand,2021,3,tehri garhwal district,TOTAL,1243423714.563628
uttarakhand,2021,4,tehri garhwal district,TOTAL,1604463156.5824413
uttarakhand,2022,1,tehri garhwal district,TOTAL,1601435838.181318
uttarakhand,2022,2,tehri garhwal district,TOTAL,2551688400.844716
uttarakhand,2022,3,tehri garhwal district,TOTAL,1914407105.066064
uttarakhand,2022,4,tehri garhwal district,TOTAL,2066653765.1403933
uttarakhand,2023,1,tehri garhwal district,TOTAL,3074244887.0
uttarakhand,2023,2,tehri garhwal district,TOTAL,5040089669.0
west-bengal,2018,1,darjiling district,TOTAL,144929152.81969556
west-bengal,2018,2,darjiling district,TOTAL,289503577.0384555
west-bengal,2018,3,darjiling district,TOTAL,470260430.7927488
west-bengal,2018,4,darjiling district,TOTAL,670559903.9052528
west-bengal,2019,1,darjiling district,TOTAL,933357710.0945336
west-bengal,2019,2,darjiling district,TOTAL,1602530760.2036004
west-bengal,2019,3,darjiling district,TOTAL,2005365055.6205454
west-bengal,2019,4,darjiling district,TOTAL,2683895416.0233145
west-bengal,2020,1,darjiling district,TOTAL,3102615730.2863255
west-bengal,2020,2,darjiling district,TOTAL,3211328281.023925
west-bengal,2020,3,darjiling district,TOTAL,4655735744.944985
west-bengal,2020,4,darjiling district,TOTAL,5975798390.022108
west-bengal,2021,1,darjiling district,TOTAL,7769686380.986313
west-bengal,2021,2,darjiling district,TOTAL,6810672446.735575
west-bengal,2021,3,darjiling district,TOTAL,8851180714.502821
west-bengal,2021,4,darjiling district,TOTAL,11681810187.018759
west-bengal,2022,1,darjiling district,TOTAL,15360797956.977024
west-bengal,2022,2,darjiling district,TOTAL,19013136245.268204
west-bengal,2022,3,darjiling district,TOTAL,16454823670.51485
west-bengal,2022,4,darjiling district,TOTAL,18016497295.004322
west-bengal,2023,1,darjiling district,TOTAL,19723215896.0
west-bengal,2023,2,darjiling district,TOTAL,23728655177.0
